	Train acc	Test acc	Train loss	Test loss
0	0.0	0.0	0.0	0.0
1	25.950000762939453	25.770000457763672	3.2857532459259033	3.2938693016052247
2	30.989999771118164	31.649999618530273	3.016607963180542	2.997820258331299
3	34.529998779296875	35.0099983215332	2.7054963745117186	2.6911835533142088
4	41.61000061035156	40.880001068115234	2.3993722553253174	2.421325771713257
5	43.04999923706055	42.79999923706055	2.206496253013611	2.223039412307739
6	47.970001220703125	48.970001220703125	2.117498201751709	2.0692905517578124
7	48.95000076293945	49.13999938964844	2.063064345932007	2.0590065338134766
8	49.18000030517578	49.2400016784668	1.965716427230835	1.9688322347640992
9	53.380001068115234	53.38999938964844	1.8452342185974122	1.8507155750274658
10	55.400001525878906	56.16999816894531	1.784468482208252	1.7642212938308717
11	57.84000015258789	58.529998779296875	1.6389062530517577	1.636945092201233
12	55.16999816894531	53.91999816894531	1.7264268922805786	1.7525100257873536
13	59.689998626708984	60.349998474121094	1.612060697555542	1.5972671842575072
14	61.83000183105469	62.11000061035156	1.5536980463027954	1.5395738958358764
15	61.54999923706055	61.13999938964844	1.5840987295150757	1.60025853099823
16	61.63999938964844	60.880001068115234	1.5737548610687255	1.5901892009735108
17	60.459999084472656	60.7400016784668	1.5221038734436034	1.5482281953811645
18	63.34000015258789	63.439998626708984	1.4950668355941772	1.5025234760284423
19	63.459999084472656	63.97999954223633	1.4870087757110595	1.4696581106185913
20	63.40999984741211	63.290000915527344	1.4488712057113649	1.4664947599411011
21	63.619998931884766	64.27999877929688	1.4776078012466431	1.451666333580017
22	64.41000366210938	63.790000915527344	1.4353505662918091	1.4498842945098878
23	65.45999908447266	64.41999816894531	1.4273254877090453	1.4415731336593627
24	64.9000015258789	65.4800033569336	1.412699906349182	1.4135043153762816
25	64.9000015258789	64.5999984741211	1.4074468099594115	1.4175495349884033
26	64.3499984741211	63.220001220703125	1.4340815771102906	1.4294252529144287
27	65.58000183105469	66.11000061035156	1.4100735385894776	1.4073260374069214
28	64.23999786376953	64.01000213623047	1.4257356006622315	1.4237799936294555
29	65.61000061035156	65.47000122070312	1.4244741163253785	1.4222660272598266
30	64.4000015258789	64.4800033569336	1.4076429901123046	1.4001513006210327
31	64.9000015258789	64.61000061035156	1.3883888206481934	1.3984825637817382
